,Location,Cood
0,天水,"105.724947,34.580863"
1,兰州火车站（1号线）,"103.850298,36.034500"
2,柳园,"120.315948,29.144121"
3,兰州,"103.834303,36.061089"
4,格尔木,[]
5,秦安高铁站,[]
6,酒泉,"98.494483,39.732410"
7,西和,[]
8,七彩丹霞返程,[]
9,中川机场,"103.617149,36.508003"
10,东方酒店(兰州大学),"103.855273,36.047864"
11,卓尼,"103.507109,34.589588"
12,合作,"102.910882,35.000399"
13,临潭,[]
14,定西,"104.626282,35.580662"
15,陇西,"104.643771,35.000782"
16,罗坝,"119.084488,32.969536"
17,马坞,"112.368172,34.186378"
18,华亭,"106.662460,35.219951"
19,会川,"118.436684,30.162193"
20,夏河,[]
21,若尔盖,"102.961798,33.575892"
22,临洮,[]
23,临夏,"103.210538,35.601182"
24,静宁,[]
25,临夏河海大厦,"103.204885,35.600617"
26,古浪,[]
27,麦积,"105.996338,34.368929"
28,平凉,"106.665240,35.543051"
29,平川,[]
30,武都,"104.953921,33.371610"
31,洛门,"105.018784,34.754189"
32,清水,[]
33,礼县,"105.178640,34.189345"
34,刘家峡,"106.572525,33.197033"
35,白银,"104.138559,36.544756"
36,吴忠,"106.198393,37.997460"
37,会宁,"104.884317,36.234493"
38,宁县,"107.928369,35.502177"
39,西安火车站,"108.962759,34.277433"
40,张掖（快客）,"100.449818,38.925875"
41,大柴旦,"95.362228,37.850380"
42,平凉西,"106.665240,35.543051"
43,碌曲,"102.482745,34.584009"
44,康县,"105.609169,33.329136"
45,玉门市,[]
46,泾川,[]
47,舟曲,[]
48,岷县,"104.036880,34.438076"
49,大靖,"116.709915,24.448391"
50,银川,"106.230909,38.487193"
51,西安,"108.940174,34.341568"
52,罗汉洞,"119.279716,40.164059"
53,东风,[]
54,张掖,"100.449818,38.925875"
55,武威,"102.638011,37.928264"
56,金昌,"102.188043,38.520089"
57,玛曲,"102.072698,33.997712"
58,红旗,"114.684065,35.200556"
59,中铺,"118.117157,24.538244"
60,成县,"105.742203,33.750477"
61,秦安,[]
62,蒿支沟,"103.364517,35.456764"
63,三甲集,"103.753136,35.560883"
64,新沟,"112.782227,30.283035"
65,敦煌,[]
66,金塔,[]
67,临泽,[]
68,新坝,"106.922585,39.102177"
69,隆德,[]
70,武山,[]
71,景泰,[]
72,两当,[]
73,漳县,"104.471572,34.848444"
74,汉中,"107.023323,33.067480"
75,莲花,"113.941311,27.122762"
76,靖远,"104.686094,36.564310"
77,西峰,"107.655294,35.733416"
78,冷湖,"93.330612,38.734814"
79,山丹,"101.095167,38.785014"
80,店子街,"106.926071,31.796263"
81,榜罗,"104.944061,35.033543"
82,环县,"107.308501,36.568435"
83,东乡,"116.562208,28.189023"
84,玉门新市区,[]
85,华池,[]
86,康乐,[]
87,南湖,"120.764250,30.742000"
88,额济纳旗,"101.055590,41.954347"
89,肃北,[]
90,靖边,[]
91,庄浪,[]
92,迭部,[]
93,榆中,[]
94,位奇,"101.135925,38.633167"
95,徽县,"106.087780,33.768826"
96,吴忠（银川）,"106.198393,37.997460"
97,和盛,"107.782059,35.431255"
98,花土沟,"106.296577,29.243639"
99,张家川,[]
100,宝鸡,"107.237974,34.361979"
101,瓜州,"95.637894,40.468860"
102,彭阳,"106.638340,35.849565"
103,略阳,[]
104,崇信,[]
105,老军,"101.329285,38.504955"
106,高台,[]
107,兰州西站（3号线）,"103.752244,36.069001"
108,河畔,"116.968552,33.645145"
109,常河,"121.371933,40.982578"
110,阿木去乎,"102.968185,34.671345"
111,谗口,[]
112,固原,"106.242610,36.015855"
113,郭城镇,"121.125626,37.055744"
114,华藏寺,"103.127808,36.984497"
115,临夏快客,"103.210538,35.601182"
116,小坝,"117.633629,43.481041"
117,新城,"108.954637,34.242670"
118,临洮（玉井）,[]
119,甘草店,"104.294067,35.800480"
120,广河,[]
121,羊沙,"103.678169,34.828541"
122,长官路口,[]
123,新堡子,"102.187439,28.298887"
124,民勤,[]
125,草滩,"86.279808,44.304302"
126,什字镇,"107.417084,35.141071"
127,灵台,[]
128,五蛟,"107.813774,36.452950"
129,达板,"103.635696,35.724792"
130,沙井子,"124.523262,44.192291"
131,同心路口,"106.177851,37.988152"
132,定边,[]
133,阿克塞,[]
134,合水,[]
135,宕昌,[]
136,白水江,[]
137,云台,"107.231819,31.605930"
138,民乐,[]
139,甘谷,[]
140,段家集,"112.801773,31.474194"
141,兰州东站,"103.891694,36.030096"
142,悦乐,"107.924408,36.264587"
143,天水路北口,[]
144,咸阳,"108.708991,34.329605"
145,玉门服务区,"98.499388,39.724226"
146,白银大十字,"104.065621,37.192842"
147,桫椤,[]
148,崇信县,"107.035409,35.302123"
149,古城,"100.232257,26.876213"
150,西吉,[]
151,中宁,[]
152,通渭,[]
153,龙山,"109.447267,29.455215"
154,榆林,"109.734589,38.285390"
155,肃南,[]
156,秦川,"112.058487,36.531929"
157,长武,[]
158,骆驼城,"99.589035,39.356823"
159,吴起,[]
160,太石,"105.449348,33.607018"
161,馋口,[]
162,双墩,"119.298340,25.616741"
163,嘉峪关,"98.289152,39.773130"
164,民和,"101.949625,36.832500"
165,安宁区,"103.719090,36.103927"
166,新胜利宾馆（2号线）,"103.818520,36.054508"
167,西宁,"101.778228,36.617144"
168,永昌,[]
169,唐汪,"91.343498,30.441628"
170,望子关,[]
171,栗川,"107.783859,34.665768"
172,西滩,"110.733368,36.461617"
173,炭山岭,"102.667374,36.952091"
174,马力,"104.702667,34.661198"
175,镇原,[]
176,靖远汽车站,"104.679318,36.555577"
177,青龙,"118.947033,40.406548"
178,许三湾,"99.491806,39.371906"
179,三营,"132.648636,47.271194"
180,建设坪,[]
181,乐都,[]
182,锁龙,"104.707855,34.382217"
183,牛坡,"109.839256,27.603758"
184,盐锅峡,"103.300049,36.085102"
185,上杜,"117.692146,32.122536"
186,安家嘴,"106.519188,29.594280"
187,罗城桥,[]
188,小河滩,"113.579613,37.769047"
189,张湾,"110.800730,32.682971"
190,柳家营什字,"103.767685,36.069370"
191,霍城,[]
192,威戎,"105.766235,35.367069"
193,元山子,"124.292648,48.583435"
194,蒿支沟快客,"103.364517,35.456764"
195,永昌县,"101.984649,38.243170"
196,闾井,"104.562782,34.318779"
197,彬县,"108.077658,35.043911"
198,北道,"118.276657,35.089302"
199,唐家台,"112.163124,32.049664"
200,鸡川,"118.563927,29.754826"
201,海原,"105.643487,36.565033"
202,贡巴,"85.185097,28.807430"
203,神木,"110.499250,38.836500"
204,五合（白塔）,[]
205,裴家营,"117.162712,36.733982"
206,刘寨柯,"105.168098,36.938469"
207,王家山,"121.595825,29.597731"
208,长坝,"120.179886,30.478807"
209,七彩丹霞,[]
210,盘安,"117.152908,28.825714"
211,西固区（西沙大桥）,"103.626909,36.140311"
212,西安高铁站,"108.947000,34.292000"
213,八井,"130.831573,45.368294"
214,陇川,"97.792105,24.182965"
215,天堂寺镇,"114.431549,32.784554"
216,新井,"121.613091,29.560009"
217,吴家川,"104.532333,36.670162"
218,一工程村,"100.118713,39.382885"
219,义岗,"105.270386,35.429935"
220,五三零,"128.998230,47.478561"
221,安口,"118.912560,39.781216"
222,清泉服务区,"115.266571,30.464556"
223,巴下,"101.076118,30.773092"
224,什川,"104.906631,35.147884"
225,梨园,"112.259789,30.323334"
226,长庆桥,"112.650673,21.869471"
227,寺子,"113.881165,37.125515"
228,也虎桥,[]
229,青羊峡,"104.003480,30.667734"
230,兰州中川机场,"103.620392,36.514303"
231,礼泉,[]
232,新华镇,[]
233,黑泉,"102.436195,36.271111"
234,连城,[]
235,新景,"118.186218,25.054205"
236,柏林,"106.463654,29.522301"
237,玉门东站,[]
238,北京,"116.407526,39.904030"
239,滩歌,"104.841805,34.626759"
240,永登,[]
241,盘克,"108.249992,35.746510"
242,新华农场,[]
243,惠安堡,[]
244,石峡,"115.953705,40.304195"
245,白银饭店,"104.174712,36.543278"
246,明海,[]
247,黄河家园,"123.419670,41.824867"
248,黄羊镇,"102.851082,37.673000"
249,汪川,"105.580734,34.226475"
250,桃园,"106.809906,32.663643"
251,靖安,[]
252,党岘,[]
253,杜寨柯,"105.285126,36.589447"
254,江可河,[]
255,海石湾,"102.853081,36.345928"
256,土盆,"117.534370,34.409290"
257,盐关,"110.750160,31.050285"
258,共丰,"104.844063,36.135700"
259,箭台,"100.335320,39.173424"
260,天城,"118.205734,26.176189"
261,旱平川,"104.699896,36.777684"
262,丰乐,"118.266426,29.889141"
263,孟家庄,"117.618881,36.198929"
264,三十里墩,"120.515709,32.522106"
265,铺坝,"105.661621,33.497303"
266,平洛,"112.503952,32.830105"
267,渭源,[]
268,和政,[]
269,华岐,"120.468994,31.645578"
270,宣化,"115.061992,40.611391"
271,惠安,"118.796580,25.030840"
272,宋坪,"109.252495,36.596210"
273,盐池,"107.407359,37.783205"
274,中山桥,[]
275,东五,"123.960007,47.358963"
276,南华,[]
277,永新,[]
278,宣化南,"115.061992,40.611391"
279,土门,"110.797592,32.680424"
280,李子园,"111.949272,25.582159"
281,榆林子,[]
282,马家堡,"123.611031,41.965359"
283,沈家滩,"98.757408,39.712029"
284,磐安,"120.440716,29.059819"
285,五大坪,[]
286,天水（低速）,"105.724947,34.580863"
287,花墙,"115.057762,32.107800"
288,哈达铺,"121.310524,40.938828"
289,乾县,"108.239473,34.527551"
290,南台子,"127.157631,45.287785"
291,九龙川,[]
292,庆阳高铁站,"107.643631,35.709077"
293,柏树,"113.180206,23.098125"
294,新坝东,[]
295,鱼卡,"94.994949,38.047142"
296,鸳鸯,"110.868164,32.612980"
297,东桥,"121.286232,30.181400"
298,小河,"115.254272,24.099909"
299,麦西,"113.650337,33.771290"
300,双岔,"126.270294,41.679989"
301,孟庄,"115.996239,34.269581"
302,新华,[]
303,汉岔,[]
304,高庙山,"105.943977,35.422634"
305,吊子峪,"105.356522,33.500244"
306,天祝,[]
307,郎木寺,"102.636803,34.090034"
308,冶力关,"103.662727,34.963436"
309,兴仁堡,[]
310,文县,"104.683434,32.943815"
311,西安高铁站(商务),"108.947000,34.292000"
312,咸阳机场,"108.764819,34.438157"
313,武都*,"104.953921,33.371610"
314,兰州西,"103.834303,36.061089"
315,兰州机场,"103.616659,36.505923"
316,正宁,[]
317,平泉,"117.959295,40.907337"
318,平安,[]
319,陇城,"109.762268,26.015284"
320,西靖,"116.049011,36.347416"
321,天水镇,"105.607230,34.313180"
322,关子镇,"105.384285,34.628345"
323,张川,"107.797066,36.661774"
324,华家岭,"117.033913,36.094856"
325,延安,"109.489727,36.585455"
326,广元,"105.843357,32.435435"
327,罗城,"108.895883,24.776058"
328,夏河县路口,"102.521807,35.202503"
329,红寺堡,"106.072008,37.425872"
330,白银汽车站,"104.173354,36.537447"
331,平南,"110.390454,23.523303"
332,娘娘坝,"106.405304,33.396824"
333,大沙坪,"103.831955,36.091164"
334,雷大,"105.779816,35.260826"
335,肃南岔路,[]
336,甜水堡,[]
337,六盘山镇,[]
338,齐寿,"105.761749,34.354122"
339,中山桥北,[]
340,洪德,"109.893112,42.241043"
341,伏镇,"116.796410,35.842712"
342,碧口,"117.643936,26.277437"
343,杨家寺,"116.459221,37.531315"
344,苏城,"119.997711,32.196091"
345,庆城,"107.894603,35.982329"
346,杨家寺（扣费）,[]
347,望关,"105.376938,33.453903"
348,皋兰,[]
349,富县,"109.379711,35.988010"
350,云山,"105.794388,34.759388"
351,兰州新区,"103.666770,36.487915"
352,永和,[]
353,太阳山,[]
354,六十铺,[]
355,大门,"121.065384,27.994066"
356,江洛,"88.825584,29.178637"
357,同心,"105.914458,36.980575"
358,剡阕,[]
359,店头,"118.295784,36.069752"
360,松林,"122.064621,41.125099"
361,贯寺,"105.218651,34.881187"
362,席西村,"108.034012,34.317852"
363,长道,"105.341087,34.205009"
364,新塬,"105.367104,36.161522"
365,夏河(王格尔塘),[]
366,早胜,"108.012871,35.403374"
367,镇江,"119.425836,32.187849"
368,蛟龙掌,"105.866127,35.344280"
369,桃山岔口,"130.979516,45.782269"
370,冰草湾,"103.584480,36.048656"
371,土桥,"126.954445,44.710854"
372,阿右旗,"101.674178,39.208495"
373,胡沟,"111.280861,34.519615"
374,头寨子,"124.003761,42.549747"
375,哈密,"93.514916,42.818501"
376,岷县优惠票,"104.036880,34.438076"
377,志丹,"108.640429,36.940771"
378,陈井,"115.350456,36.526340"
379,安宁,"102.455480,24.926140"
380,界牌,"118.577530,28.544945"
381,陇县,"106.864397,34.893050"
382,白银汽车东站,"104.177000,36.543440"
383,佛崖,"118.566986,36.332710"
384,南康,"114.762100,25.665800"
385,三叉,"108.744591,22.733322"
386,新地,"110.154999,22.621326"
387,红崖子,"120.514992,40.621101"
388,玉门老市区,"98.499388,39.724226"
389,花海乡,"119.941757,31.708765"
390,郭城,"114.646675,28.789673"
391,毛坝,"108.281479,32.310158"
392,赤金镇,"97.428650,40.015320"
393,定平,"99.660408,39.463486"
394,马营,"113.237312,40.045879"
395,大草滩,"87.769287,44.021671"
396,红沙河,[]
397,羊永,"103.483780,34.647984"
398,北城,"104.188522,30.814751"
399,顺宁,"99.903580,24.607506"
400,暖泉,"123.077309,47.901108"
401,沙金,"126.904640,42.048206"
402,寺儿沟,"121.670555,38.918560"
403,尧甸,[]
404,榆木庄,"99.922096,38.965530"
405,红水,"103.837784,37.505833"
406,板桥,"110.634071,21.460163"
407,樊学,"107.598129,37.069107"
408,洮砚,"103.796738,34.769463"
409,梁塬,"107.303436,36.689156"
410,祁连,[]
411,千阳,[]
412,岸头,"121.472206,28.733366"
413,南台,[]
414,新开,"133.836670,46.984261"
415,王家店（牛家山）,"120.619362,40.846516"
416,刘寨,"113.652550,34.785812"
417,热当坝,[]
418,侯川,"110.587196,38.713795"
419,马街,"104.959183,33.458748"
420,锦界,"110.184464,38.757294"
421,大河,"107.423866,32.651737"
422,下河清,"98.887779,39.562126"
423,两河口,[]
424,西固,"103.659202,36.083411"
425,秦岭,"108.450630,34.304596"
426,赤金服务区,"97.428650,40.015320"
427,天津,"117.200983,39.084158"
428,李川,"105.543922,35.534424"
429,顺德,"113.249185,22.838142"
430,武家湾,"104.868820,34.111694"
431,麦积（低速）,"105.996338,34.368929"
432,河畔(北),[]
433,仁大,"105.748711,35.096901"
434,牡丹,"115.522897,35.296485"
435,春荣,"127.190399,46.457630"
436,九寨沟,"104.246713,33.247483"
437,83号,[]
438,麻沿,"105.738075,34.071316"
439,宁远,"111.944050,25.588766"
440,皇城,"104.365257,31.131779"
441,武威（北线）,"102.638011,37.928264"
442,永寿,"108.127345,34.708870"
443,马家店子,"119.880791,36.792412"
444,周家,"120.793259,29.346598"
445,甘俊,[]
446,三条岘,"105.120399,35.430874"
447,黄羊镇口,"102.851082,37.673000"
448,石门,"111.380014,29.584293"
449,黄渚,"105.687325,33.965508"
450,大南峪,"118.537140,40.281662"
451,大芦,"115.428680,36.915363"
452,陈家嘴,"112.163155,29.233440"
453,潮湖,"106.324867,39.012310"
454,上坝,"117.531502,34.054249"
455,麻子川,"104.111015,34.277534"
456,照中,"99.444176,39.188931"
457,青石,"118.618362,24.750729"
458,荔堡,"107.567574,35.463360"
459,榆川,"103.615250,36.644535"
460,生地湾,"105.419571,33.978180"
461,永丰,[]
462,碱泉子,"97.647011,39.686012"
463,中卫,"105.196902,37.499972"
464,横渠,"112.483620,38.009201"
465,新寨(中梁),[]
466,牧场,[]
467,风翔,"112.335838,22.077030"
468,二站桥,"126.955452,49.675091"
469,大寨子,"98.531082,24.958887"
470,河南县,"101.612121,34.733829"
471,祁丰,"112.087051,26.790909"
472,李湾,"114.363541,31.596966"
473,马鬃山,"97.667084,41.406208"
474,永胜,[]
475,四满口,[]
476,盐官,"105.481415,34.265026"
477,申都,"108.482941,34.378586"
478,文树,"105.007919,35.081703"
479,毛湾,"107.378357,36.052139"
480,盐池岔路,"107.407359,37.783205"
481,寨子,"105.622322,30.410892"
482,红山口,[]
483,神峪河,"106.815811,35.128357"
484,双龙,"102.850372,25.110424"
485,四坝,"102.694725,38.123760"
486,哈溪,"102.542786,37.365868"
487,林草点,[]
488,谭家井,"103.589249,37.577980"
489,北湾,"113.455208,30.757057"
490,赵寨,"115.208717,35.726593"
491,下马,"121.869614,39.860519"
492,漫湾,"100.374222,24.644077"
493,小鸭,"100.310860,39.193012"
494,青河沿,[]
495,十八里铺,"115.633026,36.149223"
496,祁家集,"103.675438,35.504951"
497,东胜,"109.996435,39.817806"
498,安远,[]
499,吴家门,"120.104500,30.387259"
500,镇原中路,"107.196008,35.678740"
501,万泉,"110.348305,19.349255"
502,宁县路口,[]
503,大堡,"123.311806,41.110161"
504,尖山子,"132.473464,46.339465"
505,泥阳,"108.991005,34.932110"
506,铜钱,"108.712494,33.137882"
507,长河,"120.190536,30.174763"
508,大树里,"112.896179,23.003382"
509,两河,"116.778893,40.285500"
510,六级电站,"106.716560,23.792828"
511,二炮,"115.687477,40.632023"
512,豆坝,"105.471863,33.254311"
513,寺台,"114.023827,37.322063"
514,阳坝,"106.396645,32.672218"
515,桃山,"130.979516,45.782269"
516,什字路,"105.667542,34.865379"
517,白杨树坝,"105.488213,33.424400"
518,温缑村,"105.486343,34.637749"
519,枫岭,"105.769554,33.132999"
520,鼎新,"120.224030,31.997599"
521,店子,"113.930115,40.596249"
522,杨庄,"117.198738,34.289303"
523,舒家坝,"106.651291,32.333813"
524,蒲麻,"104.417496,34.537601"
525,白杨,"117.712967,37.867653"
526,刘坝,"120.736847,32.101357"
527,新寺,"109.060509,34.282207"
528,祁山,"102.957390,36.109589"
529,南寨子,"120.307861,37.277443"
530,四龙,"119.021103,41.720852"
531,原峰,"107.070305,35.510098"
532,漫洼路口,[]
533,天水西站,"105.606360,34.308670"
534,天王沟,"105.120819,30.760153"
535,上湾,"110.770729,32.607491"
536,红堡子,"104.497566,35.402622"
537,安塞,[]
538,和平,[]
539,长征,"117.237175,39.135719"
540,饞口,[]
541,砖塔寨,"104.453354,34.442421"
542,八坝,"102.220596,38.139328"
543,新店,"111.958755,21.845589"
544,庆坪,"105.751724,25.125988"
545,黄家铺,"120.581329,36.494953"
546,凤县,"106.515756,33.908469"
547,乌审旗,"108.817607,38.604136"
548,老市区,[]
549,正宁(泾川),[]
550,红沟,"110.627625,32.942890"
551,双城,"126.317250,45.370000"
552,新庄（宁县）,"107.819393,35.341891"
553,老庄,"84.644669,44.585125"
554,外拉地,[]
555,两水,"112.900909,36.083897"
556,新建,"115.826526,28.683281"
557,高庄,"118.911484,32.225681"
558,平山湖大峡谷往返,[]
559,赤金,"118.911377,34.747307"
560,河东里,[]
561,腰站子,"96.718307,40.481121"
562,罗堡,"118.045868,37.483337"
563,定安,[]
564,高磨村,"105.607956,34.446255"
565,捷地,"116.862122,38.252018"
566,北滩,"115.054314,41.339306"
567,安伏,"105.637428,34.967762"
568,黄集寨,"105.882423,34.487671"
569,马家河,"113.100266,27.784761"
570,横山,[]
571,六洋,"110.881195,21.411690"
572,水泥厂1,[]
573,梨尧,[]
574,完尕滩,"101.980537,36.111698"
575,常丰,"117.386086,23.839771"
576,凤翔,"107.397201,34.515008"
577,尖山,"131.143873,46.632043"
578,陈旗,[]
579,中滩,"116.409164,40.057140"
580,利沟,"99.708702,39.391129"
581,义和,"103.697426,30.260847"
582,龙泉,"119.925790,28.470330"
583,芦堡,"101.080383,38.621761"
584,红河,[]
585,河西,"117.222292,39.106292"
586,梅川,"104.121468,34.572048"
587,永兴,"113.117853,26.124829"
588,永正,"119.894524,32.257542"
589,青草湖,"115.848053,24.934011"
590,肖咀,"107.473366,36.295773"
591,新窑,"122.129295,46.427574"
592,机关林场,[]
593,腰站,"126.036400,44.267605"
594,什字,"108.971375,34.914722"
595,干盐池,[]
596,王家铺,"117.791107,40.159985"
597,杨岘,"104.303848,36.252037"
598,下庄子,"87.104706,44.132706"
599,岳堡,"106.037079,35.412254"
600,杨坪,"108.153419,36.118172"
601,双塔,"120.469860,41.584560"
602,黄陵,"109.262961,35.579428"
603,石堡,"110.963478,38.950554"
604,山城,[]
605,双塔镇,[]
606,黑燕,"104.953865,35.277840"
607,瓦峪,"117.276794,35.275681"
608,张董,"111.218628,35.165047"
609,西湖,"116.186398,28.486009"
610,宫河,"108.090981,35.335201"
611,寺儿坪,"104.543419,36.498264"
612,上沙窝,"115.900192,28.695887"
613,十字路,"114.664246,33.139683"
614,王盘山,[]
615,电厂,[]
616,新—上坝,"116.022675,23.474117"
617,大沟,"126.129753,44.458466"
618,松树湾,"114.434097,30.590546"
619,三岔,"103.545517,30.473877"
620,朱店,"120.802162,32.121391"
621,驿马,"125.545692,44.341614"
622,小海子,"103.290466,23.399351"
623,台子寺,"99.727608,39.410919"
624,沙沟,"128.055878,45.115433"
625,鲁家沟,"103.829285,36.035889"
626,四个山,"120.435272,28.092642"
627,双丰岔路,"114.463829,36.616890"
628,大湾头,"108.860832,26.780474"
629,慢湾,"107.545570,34.772018"
630,明水河,[]
631,李寨路口,"116.984505,38.168747"
632,深圳,"114.057868,22.543099"
633,冰沟丹霞,[]
634,龙神沟,"103.923782,29.429874"
635,上店,"119.246582,26.084312"
636,马莲,"123.889168,44.297153"
637,中川机场T1航站楼,"103.628708,36.492775"
638,铁李川,[]
639,敦煌连程票,[]
640,新寨,"115.654999,24.953222"
641,住寨,"104.899811,36.412971"
642,崖子,"121.709213,37.135048"
643,汪川(大吕),[]
644,草窝滩,"104.543129,37.359501"
645,柳树寨,"114.931824,37.935707"
646,马儿庄,"107.111557,37.184944"
647,赤城1,[]
648,望宁路口,"107.887939,35.643864"
649,钾肥厂,[]
650,三道沟,"100.830254,24.455309"
651,五合C,"130.234802,44.182926"
652,双王,"115.699226,33.392864"
653,光明,"120.550285,30.152845"
654,河西堡,[]
655,西柳,"121.197121,30.066946"
656,大风山,"102.988747,25.282616"
657,平子,"117.351151,35.262779"
658,连儿湾,"104.147408,35.432774"
659,牛家山,"105.099640,35.405060"
660,巩坝,"105.920135,33.218075"
661,文县(陇南),"104.683434,32.943815"
662,明水滩,[]
663,安子河,"126.301888,42.506180"
664,临河,"107.373679,40.764161"
665,坚家山,"105.577614,34.631393"
666,昌宁,[]
667,肖金,"107.649506,35.586697"
668,三角城,"117.070984,40.675739"
669,虢镇,"118.937691,32.044483"
670,六坝,"102.692657,37.855476"
671,玉都,"107.312027,35.452015"
672,焦村,"116.636719,40.271019"
673,小寨,"109.023056,34.275948"
674,高山,"112.546722,24.702438"
675,东柳,"129.811905,45.575363"
676,大石岔,"115.665695,41.375969"
677,北家沟,"109.321404,33.507187"
678,壕洼,[]
679,赤城,[]
680,上寨子,"100.865555,38.823704"
681,鸣沙,"105.864914,37.548763"
682,金池,"107.812096,28.688179"
683,甘沟,"122.480797,40.951012"
684,柳河乡,[]
685,仁达,"100.239449,31.999983"
686,泾明,"107.637688,35.361382"
687,李店（路口）,[]
688,新天堡,"100.576675,38.552910"
689,唐沟畎,"107.642990,35.578663"
690,五合,"130.234802,44.182926"
691,连家砭,"108.536453,36.078926"
692,庄湾,"117.205429,34.879696"
693,迷坝,"105.788376,33.539825"
694,兴仁,"105.043557,25.218623"
695,五竹,"104.117279,35.045929"
696,蔡口集,"107.375832,36.164772"
697,李店,"121.863808,39.575760"
698,何家湾,"104.049591,35.475517"
699,四房吴,"105.129387,36.056042"
700,麻布索拉,[]
701,九寨沟县,"104.243841,33.252056"
702,北寨,"119.276642,40.025116"
703,万丰,"106.558777,29.578550"
704,郭塬,"107.904099,36.200703"
705,汝林,"108.578079,25.294802"
706,叶盛,"119.884743,29.915972"
707,哨子坡,[]
708,十四号,[]
709,刘杜,"115.499031,37.650509"
710,太白,"107.319825,34.057469"
711,新阳,"124.670845,44.247749"
712,麦李,"109.228020,34.579041"
713,新堡桥,"120.894066,32.513432"
714,种田,"113.775139,38.571636"
715,靖安A,[]
716,乌海,"106.794249,39.655388"
717,钱家坝,"117.851562,32.384991"
718,孟坝,"107.261292,35.837189"
719,泗水,"116.569580,35.422618"
720,永宁,"106.253145,38.277373"
721,高崖子,"99.849319,39.219578"
722,柴门,"119.711861,34.431770"
723,水磨,"119.762550,51.108795"
724,白草,"122.278038,40.759907"
725,东沟,"108.988342,34.914406"
726,常丰岔路,"117.386086,23.839771"
727,红柳河,[]
728,白塬,"106.015266,35.489685"
729,清水（加班）,[]
730,李坝,"116.065269,36.082333"
731,花湖,"120.586700,32.187084"
732,马峡,"110.559235,33.797974"
733,马路滩绿洲,"103.138573,37.683186"
734,廖坝,"107.181053,33.073788"
735,董志,"107.644569,35.665054"
736,四门,"105.017143,34.621246"
737,井沟,"119.696587,40.307911"
738,大石,"129.292130,43.442345"
739,庙川,"105.248489,36.059933"
740,永河路口,"113.568489,37.326946"
741,河口,"118.516000,37.888423"
742,墩仁,"111.800110,26.420235"
743,黄家堡子,"125.424660,44.689453"
744,中川镇,"103.628708,36.492775"
745,会宁服务区,"104.992229,35.724881"
746,河桥,"118.337944,32.911087"
747,范家山,"123.908653,39.869930"
748,郑湾,"115.597092,36.886021"
749,张台,"113.706902,33.062103"
750,西李,"118.003906,37.381245"
751,叶子坝,"104.708549,32.841457"
752,潘集寨,[]
753,刘川,"115.380272,34.444386"
754,三河,"116.817363,40.013125"
755,东白,"120.372620,40.210255"
756,中村,[]
757,锡铁山,[]
758,王官,"122.567001,39.719456"
759,席东村,"105.534904,34.642288"
760,县功,"107.078552,34.524418"
761,玉门镇,"97.027071,40.280887"
762,屯子,"123.789253,40.881687"
763,白云,"106.633750,26.682375"
764,成县机场,[]
765,自坪,[]
766,开发区,"105.204857,37.514206"
767,(平泉）西安,[]
768,罗家堡,"126.176514,42.172878"
769,青铜峡,"106.078818,38.021302"
770,店镇,"118.552750,24.860012"
771,野糜,"104.850471,36.401222"
772,窑街,"112.151970,34.990677"
773,成州机场,"120.800613,29.085855"
774,咀头,"109.372551,36.033024"
775,小川,"126.725525,43.885967"
776,桂花,"117.516365,23.734993"
777,笠山,"105.041229,36.382812"
778,茨滩,"105.654892,37.476940"
779,上肖,"121.655273,41.433037"
780,关沟门,"118.405342,43.058849"
781,杏树湾,"106.853416,34.238106"
782,高沟口,"109.129356,36.844063"
783,小金湾,[]
784,木寨岭,"116.615547,36.625557"
785,吴集寨,"105.561913,34.447990"
786,板桥古城,"100.488739,26.551105"
787,曲子,"104.537682,36.315819"
788,酒泉丰乐,"98.494483,39.732410"
789,清泉,"120.602638,28.008535"
790,汪集,"116.169701,32.434669"
791,安昌河,"104.688942,31.451845"
792,礼辛,"105.086174,34.912197"
793,丁家川,"105.723259,34.322903"
794,鸭暖,"100.238335,39.273102"
795,扁都口,[]
796,兰州南站,[]
797,牙龙,"97.836906,32.806911"
798,叶堡,"120.146408,32.977688"
799,指南牌,"102.747444,36.727882"
800,角弓,"104.648773,33.561440"
801,九下村,"96.616348,40.518532"
802,音凹峡,"96.884804,41.130985"
803,良平,"108.091667,35.443245"
804,新华庄,[]
805,布隆吉乡,"96.543938,40.531868"
806,九百户,"117.533127,40.013954"
807,大芦子,"104.819130,36.346321"
808,漫洼,"104.253471,35.454521"
809,塔儿湾,"102.302963,37.533527"
810,肖庄,"116.799194,33.413113"
811,双岘,"105.698524,35.330933"
812,花海,"119.941757,31.708765"
813,和尚铺,"106.246986,35.676125"
814,张掖东,"100.449818,38.925875"
815,曹务,"117.457535,37.065407"
816,棋盘井,"106.946236,27.471621"
817,上良,"113.031502,36.675468"
818,临洮高速,[]
819,友好,[]
820,湫头,"108.586250,37.151371"
821,打拉池,[]
822,南义,"118.190102,31.626461"
823,桥湾,"117.245728,36.329136"
824,刘沟,"103.418365,30.492380"
825,张家庄,"116.974831,36.712967"
826,小岘,"105.061394,35.170670"
827,三房吴,"105.154121,36.016853"
828,花庄,"115.469513,38.924576"
829,元城,"107.767441,36.675262"
830,临洮店子,"103.836197,35.274297"
831,马寨,"116.482552,36.017937"
832,乐家湾,"115.078659,30.331793"
833,三家集,[]
834,石油技校,[]
835,头寨,"115.360962,26.466324"
836,火烧寨,"109.348763,34.116199"
837,大安,"124.273046,45.526635"
838,官庄子,"115.702026,40.647068"
839,秦州,[]
840,太平,"121.679634,42.004220"
841,总寨,"101.718987,36.536308"
842,梁原,"111.192001,34.133549"
843,杜寨,"116.085762,36.521950"
844,生沟滩,"106.926125,27.916567"
